-- --------------------------------------------------------
-- Host:                         localhost
-- Server version:               10.2.3-MariaDB-log - mariadb.org binary distribution
-- Server OS:                    Win32
-- HeidiSQL Version:             9.4.0.5125
-- --------------------------------------------------------

/*!40101 SET @OLD_CHARACTER_SET_CLIENT=@@CHARACTER_SET_CLIENT */;
/*!40101 SET NAMES utf8 */;
/*!50503 SET NAMES utf8mb4 */;
/*!40014 SET @OLD_FOREIGN_KEY_CHECKS=@@FOREIGN_KEY_CHECKS, FOREIGN_KEY_CHECKS=0 */;
/*!40101 SET @OLD_SQL_MODE=@@SQL_MODE, SQL_MODE='NO_AUTO_VALUE_ON_ZERO' */;

-- Dumping structure for table test.activations
CREATE TABLE IF NOT EXISTS `activations` (
  `id` int(10) unsigned NOT NULL AUTO_INCREMENT,
  `user_id` int(10) unsigned NOT NULL,
  `code` varchar(255) COLLATE utf8mb4_unicode_ci NOT NULL,
  `completed` tinyint(1) NOT NULL DEFAULT 0,
  `completed_at` timestamp NULL DEFAULT NULL,
  `created_at` timestamp NULL DEFAULT NULL,
  `updated_at` timestamp NULL DEFAULT NULL,
  PRIMARY KEY (`id`)
) ENGINE=InnoDB AUTO_INCREMENT=8 DEFAULT CHARSET=utf8mb4 COLLATE=utf8mb4_unicode_ci;

-- Dumping data for table test.activations: ~7 rows (approximately)
/*!40000 ALTER TABLE `activations` DISABLE KEYS */;
INSERT INTO `activations` (`id`, `user_id`, `code`, `completed`, `completed_at`, `created_at`, `updated_at`) VALUES
	(1, 1, 'wHcbkzpgQja5OoOyaapsDyNRlv10t6Nj', 1, '2018-03-07 07:25:12', '2018-03-07 07:25:12', '2018-03-07 07:25:12'),
	(2, 3, 'UYnsGxKvlbmbZNpc8afbOk4wO8S1g7SN', 1, '2018-03-08 05:56:21', '2018-03-08 05:56:21', '2018-03-08 05:56:21'),
	(3, 4, '2Xm4TE2tW0IRxzmeiB7SRd0Tsy6Aek9f', 1, '2018-03-08 06:32:39', '2018-03-08 06:32:39', '2018-03-08 06:32:39'),
	(4, 5, 'Yn6J67Rk1ysH9EuVFBSTfKnR75jBXGba', 1, '2018-03-09 07:13:22', '2018-03-09 07:13:22', '2018-03-09 07:13:22'),
	(5, 6, 'A3JwyeQFeUXIAGbLHuOP3gZzesZ3ZtqA', 1, '2018-03-10 11:36:28', '2018-03-10 11:36:28', '2018-03-10 11:36:28'),
	(6, 7, 'b4cuI5cJNgXwFDhMieQ6oqRcYjplK20Z', 1, '2018-04-20 15:18:35', '2018-04-20 15:18:35', '2018-04-20 15:18:35'),
	(7, 8, 'bEMgYunFQTpTmia6AJYviTjU0l7XL6jY', 1, '2018-05-15 06:11:28', '2018-05-15 06:11:28', '2018-05-15 06:11:28');
/*!40000 ALTER TABLE `activations` ENABLE KEYS */;

-- Dumping structure for table test.addresses
CREATE TABLE IF NOT EXISTS `addresses` (
  `id` int(10) unsigned NOT NULL AUTO_INCREMENT,
  `area_id` int(10) unsigned NOT NULL,
  `block` varchar(255) COLLATE utf8mb4_unicode_ci DEFAULT NULL,
  `road_no` varchar(255) COLLATE utf8mb4_unicode_ci DEFAULT NULL,
  `house_no` varchar(255) COLLATE utf8mb4_unicode_ci DEFAULT NULL,
  `house_name` varchar(255) COLLATE utf8mb4_unicode_ci DEFAULT NULL,
  `floor` varchar(255) COLLATE utf8mb4_unicode_ci DEFAULT NULL,
  `created_at` timestamp NULL DEFAULT NULL,
  `updated_at` timestamp NULL DEFAULT NULL,
  PRIMARY KEY (`id`)
) ENGINE=InnoDB AUTO_INCREMENT=3 DEFAULT CHARSET=utf8mb4 COLLATE=utf8mb4_unicode_ci;

-- Dumping data for table test.addresses: ~2 rows (approximately)
/*!40000 ALTER TABLE `addresses` DISABLE KEYS */;
INSERT INTO `addresses` (`id`, `area_id`, `block`, `road_no`, `house_no`, `house_name`, `floor`, `created_at`, `updated_at`) VALUES
	(1, 1, 'b', '11', NULL, NULL, NULL, '2018-03-06 09:21:58', '2018-03-06 09:21:58'),
	(2, 3, 'A', '12', '233', 'White House', 'G', '2018-03-06 09:47:49', '2018-03-06 09:47:49');
/*!40000 ALTER TABLE `addresses` ENABLE KEYS */;

-- Dumping structure for table test.areas
CREATE TABLE IF NOT EXISTS `areas` (
  `id` int(10) unsigned NOT NULL AUTO_INCREMENT,
  `district_id` int(10) unsigned NOT NULL,
  `name` varchar(50) COLLATE utf8mb4_unicode_ci NOT NULL,
  `slug` varchar(50) COLLATE utf8mb4_unicode_ci NOT NULL,
  `created_at` timestamp NULL DEFAULT NULL,
  `updated_at` timestamp NULL DEFAULT NULL,
  PRIMARY KEY (`id`),
  UNIQUE KEY `areas_slug_unique` (`slug`)
) ENGINE=InnoDB AUTO_INCREMENT=4 DEFAULT CHARSET=utf8mb4 COLLATE=utf8mb4_unicode_ci;

-- Dumping data for table test.areas: ~3 rows (approximately)
/*!40000 ALTER TABLE `areas` DISABLE KEYS */;
INSERT INTO `areas` (`id`, `district_id`, `name`, `slug`, `created_at`, `updated_at`) VALUES
	(1, 1, 'Dhanmondi', 'dhanmondi', '2018-03-06 09:18:15', '2018-03-06 09:18:15'),
	(2, 1, 'Mirpur', 'mirpur', '2018-03-06 09:45:54', '2018-03-06 09:45:54'),
	(3, 1, 'Mirpur DOSH', 'mirpur_dosh', '2018-03-06 09:46:57', '2018-03-06 09:46:57');
/*!40000 ALTER TABLE `areas` ENABLE KEYS */;

-- Dumping structure for table test.branches
CREATE TABLE IF NOT EXISTS `branches` (
  `id` int(10) unsigned NOT NULL AUTO_INCREMENT,
  `address_id` int(10) unsigned NOT NULL,
  `name` varchar(255) COLLATE utf8mb4_unicode_ci NOT NULL,
  `slug` varchar(255) COLLATE utf8mb4_unicode_ci NOT NULL,
  `deleted_at` timestamp NULL DEFAULT NULL,
  `created_at` timestamp NULL DEFAULT NULL,
  `updated_at` timestamp NULL DEFAULT NULL,
  PRIMARY KEY (`id`),
  UNIQUE KEY `branches_slug_unique` (`slug`)
) ENGINE=InnoDB AUTO_INCREMENT=3 DEFAULT CHARSET=utf8mb4 COLLATE=utf8mb4_unicode_ci;

-- Dumping data for table test.branches: ~2 rows (approximately)
/*!40000 ALTER TABLE `branches` DISABLE KEYS */;
INSERT INTO `branches` (`id`, `address_id`, `name`, `slug`, `deleted_at`, `created_at`, `updated_at`) VALUES
	(1, 1, 'Main', 'main', NULL, '2018-03-06 09:21:58', '2018-03-06 09:21:58'),
	(2, 2, 'Mirpur', 'mirpur', NULL, '2018-03-06 09:47:49', '2018-03-06 09:47:49');
/*!40000 ALTER TABLE `branches` ENABLE KEYS */;

-- Dumping structure for table test.categories
CREATE TABLE IF NOT EXISTS `categories` (
  `id` int(10) unsigned NOT NULL AUTO_INCREMENT,
  `branch_id` int(10) unsigned DEFAULT NULL,
  `department_id` int(10) unsigned NOT NULL,
  `name` varchar(50) COLLATE utf8mb4_unicode_ci NOT NULL,
  `slug` varchar(255) COLLATE utf8mb4_unicode_ci NOT NULL,
  `thumbnail` varchar(50) COLLATE utf8mb4_unicode_ci DEFAULT NULL,
  `created_at` timestamp NULL DEFAULT NULL,
  `updated_at` timestamp NULL DEFAULT NULL,
  PRIMARY KEY (`id`),
  UNIQUE KEY `categories_slug_unique` (`slug`)
) ENGINE=InnoDB AUTO_INCREMENT=5 DEFAULT CHARSET=utf8mb4 COLLATE=utf8mb4_unicode_ci;

-- Dumping data for table test.categories: ~4 rows (approximately)
/*!40000 ALTER TABLE `categories` DISABLE KEYS */;
INSERT INTO `categories` (`id`, `branch_id`, `department_id`, `name`, `slug`, `thumbnail`, `created_at`, `updated_at`) VALUES
	(1, NULL, 1, 'Rice', 'rice', 'images/Category/1524585917.jpg', '2018-04-24 08:20:15', '2018-04-24 16:06:01'),
	(2, NULL, 1, 'Eggs', 'eggs', 'images/Category/1524804382.jpg', '2018-04-24 16:07:39', '2018-04-27 04:46:37'),
	(3, NULL, 1, 'Oil', 'oil', 'images/Category/1524586327.jpg', '2018-04-24 16:10:24', '2018-04-24 16:12:19'),
	(4, NULL, 1, 'Potato', 'potato', 'images/Category/1524586610.jpg', '2018-04-24 16:16:50', '2018-04-24 16:16:50');
/*!40000 ALTER TABLE `categories` ENABLE KEYS */;

-- Dumping structure for table test.departments
CREATE TABLE IF NOT EXISTS `departments` (
  `id` int(10) unsigned NOT NULL AUTO_INCREMENT,
  `branch_id` int(10) unsigned DEFAULT NULL,
  `name` varchar(30) COLLATE utf8mb4_unicode_ci NOT NULL,
  `slug` varchar(255) COLLATE utf8mb4_unicode_ci NOT NULL,
  `created_at` timestamp NULL DEFAULT NULL,
  `updated_at` timestamp NULL DEFAULT NULL,
  PRIMARY KEY (`id`),
  UNIQUE KEY `departments_slug_unique` (`slug`)
) ENGINE=InnoDB AUTO_INCREMENT=3 DEFAULT CHARSET=utf8mb4 COLLATE=utf8mb4_unicode_ci;

-- Dumping data for table test.departments: ~2 rows (approximately)
/*!40000 ALTER TABLE `departments` DISABLE KEYS */;
INSERT INTO `departments` (`id`, `branch_id`, `name`, `slug`, `created_at`, `updated_at`) VALUES
	(1, NULL, 'Grochary', 'grochary', '2018-03-06 09:19:22', '2018-03-06 09:19:22'),
	(2, NULL, 'Asset', 'asset', '2018-03-06 09:20:16', '2018-03-06 09:20:16');
/*!40000 ALTER TABLE `departments` ENABLE KEYS */;

-- Dumping structure for table test.districts
CREATE TABLE IF NOT EXISTS `districts` (
  `id` int(10) unsigned NOT NULL AUTO_INCREMENT,
  `name` varchar(50) COLLATE utf8mb4_unicode_ci NOT NULL,
  `slug` varchar(50) COLLATE utf8mb4_unicode_ci NOT NULL,
  `created_at` timestamp NULL DEFAULT NULL,
  `updated_at` timestamp NULL DEFAULT NULL,
  PRIMARY KEY (`id`),
  UNIQUE KEY `districts_slug_unique` (`slug`)
) ENGINE=InnoDB AUTO_INCREMENT=2 DEFAULT CHARSET=utf8mb4 COLLATE=utf8mb4_unicode_ci;

-- Dumping data for table test.districts: ~0 rows (approximately)
/*!40000 ALTER TABLE `districts` DISABLE KEYS */;
INSERT INTO `districts` (`id`, `name`, `slug`, `created_at`, `updated_at`) VALUES
	(1, 'Dhaka', 'dhaka', '2018-03-06 09:15:50', '2018-03-06 09:15:50');
/*!40000 ALTER TABLE `districts` ENABLE KEYS */;

-- Dumping structure for table test.expenses
CREATE TABLE IF NOT EXISTS `expenses` (
  `id` int(10) unsigned NOT NULL AUTO_INCREMENT,
  `user_id` int(10) unsigned NOT NULL,
  `title` varchar(255) COLLATE utf8mb4_unicode_ci NOT NULL,
  `description` varchar(255) COLLATE utf8mb4_unicode_ci NOT NULL,
  `amount` decimal(8,0) NOT NULL,
  `created_at` timestamp NULL DEFAULT NULL,
  `updated_at` timestamp NULL DEFAULT NULL,
  PRIMARY KEY (`id`)
) ENGINE=InnoDB AUTO_INCREMENT=4 DEFAULT CHARSET=utf8mb4 COLLATE=utf8mb4_unicode_ci;

-- Dumping data for table test.expenses: ~3 rows (approximately)
/*!40000 ALTER TABLE `expenses` DISABLE KEYS */;
INSERT INTO `expenses` (`id`, `user_id`, `title`, `description`, `amount`, `created_at`, `updated_at`) VALUES
	(1, 3, 'tea', 'For Five Persons', 50, '2018-03-08 08:50:12', '2018-03-08 08:50:12'),
	(2, 3, 'transport', 'Barisal To Dhaka', 5000, '2018-03-08 09:09:08', '2018-03-08 09:09:08'),
	(3, 6, 'tea', 'For 3 Persons', 40, '2018-05-15 05:51:24', '2018-05-15 05:51:24');
/*!40000 ALTER TABLE `expenses` ENABLE KEYS */;

-- Dumping structure for table test.gifts
CREATE TABLE IF NOT EXISTS `gifts` (
  `id` int(10) unsigned NOT NULL AUTO_INCREMENT,
  `name` varchar(50) COLLATE utf8mb4_unicode_ci NOT NULL,
  `slug` varchar(50) COLLATE utf8mb4_unicode_ci NOT NULL,
  `points` decimal(6,0) NOT NULL,
  `thumbnail` varchar(50) COLLATE utf8mb4_unicode_ci DEFAULT NULL,
  `created_at` timestamp NULL DEFAULT NULL,
  `updated_at` timestamp NULL DEFAULT NULL,
  PRIMARY KEY (`id`),
  UNIQUE KEY `gifts_name_unique` (`name`)
) ENGINE=InnoDB AUTO_INCREMENT=8 DEFAULT CHARSET=utf8mb4 COLLATE=utf8mb4_unicode_ci;

-- Dumping data for table test.gifts: ~6 rows (approximately)
/*!40000 ALTER TABLE `gifts` DISABLE KEYS */;
INSERT INTO `gifts` (`id`, `name`, `slug`, `points`, `thumbnail`, `created_at`, `updated_at`) VALUES
	(1, 'Pen', 'pen', 5, '', '2018-03-06 10:21:42', '2018-03-06 10:21:42'),
	(2, 'Hand Wash', 'hand-wash', 20, '', '2018-03-09 05:47:58', '2018-03-09 05:47:58'),
	(3, 'Mobile', 'mobile', 5000, '', '2018-03-09 05:48:12', '2018-03-09 05:48:12'),
	(4, 'Bi cycle', 'bi-cycle', 3000, 'images/Gifts/1531391133.jpg', '2018-03-09 05:48:32', '2018-07-12 10:25:41'),
	(5, 'Android tv', 'android-tv', 4000, 'images/Gifts/1531389449.png', '2018-03-09 05:48:47', '2018-07-12 10:20:41'),
	(7, 'School Bag', 'school-bag', 500, 'images/Gifts/1531388069.jpg', '2018-07-12 09:34:29', '2018-07-12 10:20:21');
/*!40000 ALTER TABLE `gifts` ENABLE KEYS */;

-- Dumping structure for table test.images
CREATE TABLE IF NOT EXISTS `images` (
  `id` int(10) unsigned NOT NULL AUTO_INCREMENT,
  `imageable_id` int(10) unsigned NOT NULL,
  `imageable_type` varchar(30) COLLATE utf8mb4_unicode_ci NOT NULL,
  `type` varchar(191) COLLATE utf8mb4_unicode_ci NOT NULL,
  `status` tinyint(1) NOT NULL DEFAULT 1,
  `src` varchar(191) COLLATE utf8mb4_unicode_ci NOT NULL,
  `created_at` timestamp NULL DEFAULT NULL,
  `updated_at` timestamp NULL DEFAULT NULL,
  PRIMARY KEY (`id`),
  UNIQUE KEY `images_src_unique` (`src`)
) ENGINE=InnoDB AUTO_INCREMENT=28 DEFAULT CHARSET=utf8mb4 COLLATE=utf8mb4_unicode_ci;

-- Dumping data for table test.images: ~23 rows (approximately)
/*!40000 ALTER TABLE `images` DISABLE KEYS */;
INSERT INTO `images` (`id`, `imageable_id`, `imageable_type`, `type`, `status`, `src`, `created_at`, `updated_at`) VALUES
	(2, 1, 'category', 'Thumbnail', 1, 'images/Category/1524564481.png', '2018-04-24 10:08:01', '2018-04-24 10:08:01'),
	(3, 1, 'category', 'Details', 1, 'images/Category/1524567775.jpg', '2018-04-24 11:02:55', '2018-04-24 11:02:55'),
	(4, 1, 'category', 'Thumbnail', 1, 'images/Category/1524585917.jpg', '2018-04-24 16:05:17', '2018-04-24 16:05:17'),
	(5, 2, 'category', 'Thumbnail', 1, 'images/Category/1524586059.jpg', '2018-04-24 16:07:39', '2018-04-24 16:07:39'),
	(7, 3, 'category', 'Thumbnail', 1, 'images/Category/1524586327.jpg', '2018-04-24 16:12:07', '2018-04-24 16:12:07'),
	(8, 4, 'category', 'Thumbnail', 1, 'images/Category/1524586610.jpg', '2018-04-24 16:16:50', '2018-04-24 16:16:50'),
	(9, 1, 'product', 'Thumbnail', 1, 'images/products/1524758191.jpg', '2018-04-26 15:56:31', '2018-04-26 15:56:31'),
	(10, 1, 'product', 'Details', 1, 'images/products/1524758418.jpg', '2018-04-26 16:00:18', '2018-04-26 16:00:18'),
	(11, 2, 'product', 'Thumbnail', 1, 'images/products/1524758697.jpg', '2018-04-26 16:04:57', '2018-04-26 16:04:57'),
	(12, 3, 'product', 'Thumbnail', 1, 'images/products/1524758833.jpg', '2018-04-26 16:07:13', '2018-04-26 16:07:13'),
	(13, 4, 'product', 'Thumbnail', 1, 'images/products/1524758967.jpg', '2018-04-26 16:09:27', '2018-04-26 16:09:27'),
	(14, 5, 'product', 'Thumbnail', 1, 'images/products/1524804330.jpg', '2018-04-27 04:45:30', '2018-04-27 04:45:30'),
	(15, 2, 'category', 'Thumbnail', 1, 'images/Category/1524804382.jpg', '2018-04-27 04:46:22', '2018-04-27 04:46:22'),
	(17, 6, 'product', 'Thumbnail', 1, 'images/products/1524804832.jpg', '2018-04-27 04:53:52', '2018-04-27 04:53:52'),
	(18, 1, 'mix-products', 'Thumbnail', 1, 'images/MixProducts/1524840681.jpg', '2018-04-27 14:51:21', '2018-04-27 14:51:21'),
	(19, 1, 'package', 'Thumbnail', 1, 'images/ProductPackages/1531291779.jpg', '2018-07-11 06:49:39', '2018-07-11 06:49:39'),
	(20, 1, 'package', 'Details', 1, 'images/products/packages/1531291830.jpg', '2018-07-11 06:50:30', '2018-07-11 06:50:30'),
	(21, 1, 'package', 'Details', 1, 'images/products/packages/1531291859.jpg', '2018-07-11 06:50:59', '2018-07-11 06:50:59'),
	(22, 1, 'package', 'Details', 1, 'images/products/packages/1531291878.jpg', '2018-07-11 06:51:18', '2018-07-11 06:51:18'),
	(23, 1, 'package', 'Details', 1, 'images/products/packages/1531305838.jpg', '2018-07-11 10:43:58', '2018-07-11 10:43:58'),
	(24, 7, 'gift', 'Thumbnail', 1, 'images/Gifts/1531388069.jpg', '2018-07-12 09:34:29', '2018-07-12 09:34:29'),
	(25, 5, 'gift', 'Thumbnail', 1, 'images/Gifts/1531389415.jpg', '2018-07-12 09:56:55', '2018-07-12 09:56:55'),
	(26, 5, 'gift', 'Thumbnail', 1, 'images/Gifts/1531389449.png', '2018-07-12 09:57:29', '2018-07-12 09:57:29');
/*!40000 ALTER TABLE `images` ENABLE KEYS */;

-- Dumping structure for table test.migrations
CREATE TABLE IF NOT EXISTS `migrations` (
  `id` int(10) unsigned NOT NULL AUTO_INCREMENT,
  `migration` varchar(255) COLLATE utf8mb4_unicode_ci NOT NULL,
  `batch` int(11) NOT NULL,
  PRIMARY KEY (`id`)
) ENGINE=InnoDB AUTO_INCREMENT=19 DEFAULT CHARSET=utf8mb4 COLLATE=utf8mb4_unicode_ci;

-- Dumping data for table test.migrations: ~18 rows (approximately)
/*!40000 ALTER TABLE `migrations` DISABLE KEYS */;
INSERT INTO `migrations` (`id`, `migration`, `batch`) VALUES
	(1, '2014_07_02_230147_migration_cartalyst_sentinel', 1),
	(2, '2014_10_12_100000_create_password_resets_table', 1),
	(3, '2018_02_18_072039_create_departments_table', 1),
	(4, '2018_02_18_072233_create_categories_table', 1),
	(5, '2018_02_18_072249_create_gifts_table', 1),
	(6, '2018_02_18_072303_create_branches_table', 1),
	(7, '2018_02_18_072321_create_products_table', 1),
	(8, '2018_02_18_083024_create_images_table', 1),
	(9, '2018_02_18_083716_create_packages_table', 1),
	(10, '2018_02_18_083742_create_mix_packages_table', 1),
	(11, '2018_02_18_083800_create_prices_table', 1),
	(12, '2018_02_18_084850_create_purchases_table', 1),
	(13, '2018_02_18_084909_create_trets_table', 1),
	(14, '2018_02_18_084921_create_stocks_table', 1),
	(15, '2018_02_18_085022_create_expences_table', 1),
	(16, '2018_02_18_085040_create_adderesses_table', 1),
	(17, '2018_02_20_060101_create_areas_table', 1),
	(18, '2018_02_20_060425_create_districts_table', 1);
/*!40000 ALTER TABLE `migrations` ENABLE KEYS */;

-- Dumping structure for table test.mix_products
CREATE TABLE IF NOT EXISTS `mix_products` (
  `id` int(10) unsigned NOT NULL AUTO_INCREMENT,
  `branch_id` int(10) unsigned DEFAULT NULL,
  `name` varchar(255) COLLATE utf8mb4_unicode_ci NOT NULL,
  `thumbnail` varchar(50) COLLATE utf8mb4_unicode_ci NOT NULL,
  `created_at` timestamp NULL DEFAULT NULL,
  `updated_at` timestamp NULL DEFAULT NULL,
  PRIMARY KEY (`id`),
  UNIQUE KEY `mix_packages_name_unique` (`name`)
) ENGINE=InnoDB AUTO_INCREMENT=2 DEFAULT CHARSET=utf8mb4 COLLATE=utf8mb4_unicode_ci;

-- Dumping data for table test.mix_products: ~0 rows (approximately)
/*!40000 ALTER TABLE `mix_products` DISABLE KEYS */;
INSERT INTO `mix_products` (`id`, `branch_id`, `name`, `thumbnail`, `created_at`, `updated_at`) VALUES
	(1, NULL, 'হাঁসের ডিম + সরিষার তেল', 'images/MixProducts/1524840681.jpg', '2018-04-27 14:51:21', '2018-04-27 14:51:21');
/*!40000 ALTER TABLE `mix_products` ENABLE KEYS */;

-- Dumping structure for table test.packages
CREATE TABLE IF NOT EXISTS `packages` (
  `id` int(10) unsigned NOT NULL AUTO_INCREMENT,
  `slug` varchar(50) COLLATE utf8mb4_unicode_ci NOT NULL,
  `packageable_id` int(10) unsigned NOT NULL,
  `packageable_type` varchar(30) COLLATE utf8mb4_unicode_ci NOT NULL,
  `title` varchar(255) COLLATE utf8mb4_unicode_ci NOT NULL,
  `description` text COLLATE utf8mb4_unicode_ci NOT NULL,
  `status` tinyint(1) NOT NULL DEFAULT 1,
  `thumbnail` varchar(50) COLLATE utf8mb4_unicode_ci NOT NULL,
  `created_at` timestamp NULL DEFAULT NULL,
  `updated_at` timestamp NULL DEFAULT NULL,
  PRIMARY KEY (`id`),
  UNIQUE KEY `packages_slug_unique` (`slug`)
) ENGINE=InnoDB AUTO_INCREMENT=2 DEFAULT CHARSET=utf8mb4 COLLATE=utf8mb4_unicode_ci;

-- Dumping data for table test.packages: ~0 rows (approximately)
/*!40000 ALTER TABLE `packages` DISABLE KEYS */;
INSERT INTO `packages` (`id`, `slug`, `packageable_id`, `packageable_type`, `title`, `description`, `status`, `thumbnail`, `created_at`, `updated_at`) VALUES
	(1, '1234611541', 6, 'product', 'ব্যাচেলর জিন্দাবাদ', '২৫ পিস লেয়ার ডিম\r\nদাম মাত্র ১০০ টাকা\r\nসাথে আছে ৫ পয়েন্ট বোনাস \r\nসাথে থাকুন সবসময়।', 1, 'images/ProductPackages/1531291779.jpg', '2018-07-11 06:49:39', '2018-07-11 06:49:39');
/*!40000 ALTER TABLE `packages` ENABLE KEYS */;

-- Dumping structure for table test.password_resets
CREATE TABLE IF NOT EXISTS `password_resets` (
  `email` varchar(255) COLLATE utf8mb4_unicode_ci NOT NULL,
  `token` varchar(255) COLLATE utf8mb4_unicode_ci NOT NULL,
  `created_at` timestamp NULL DEFAULT NULL,
  KEY `password_resets_email_index` (`email`)
) ENGINE=InnoDB DEFAULT CHARSET=utf8mb4 COLLATE=utf8mb4_unicode_ci;

-- Dumping data for table test.password_resets: ~0 rows (approximately)
/*!40000 ALTER TABLE `password_resets` DISABLE KEYS */;
/*!40000 ALTER TABLE `password_resets` ENABLE KEYS */;

-- Dumping structure for table test.persistences
CREATE TABLE IF NOT EXISTS `persistences` (
  `id` int(10) unsigned NOT NULL AUTO_INCREMENT,
  `user_id` int(10) unsigned NOT NULL,
  `code` varchar(255) COLLATE utf8mb4_unicode_ci NOT NULL,
  `created_at` timestamp NULL DEFAULT NULL,
  `updated_at` timestamp NULL DEFAULT NULL,
  PRIMARY KEY (`id`),
  UNIQUE KEY `persistences_code_unique` (`code`)
) ENGINE=InnoDB AUTO_INCREMENT=51 DEFAULT CHARSET=utf8mb4 COLLATE=utf8mb4_unicode_ci;

-- Dumping data for table test.persistences: ~3 rows (approximately)
/*!40000 ALTER TABLE `persistences` DISABLE KEYS */;
INSERT INTO `persistences` (`id`, `user_id`, `code`, `created_at`, `updated_at`) VALUES
	(1, 1, 'VHsNZW51LDbUG9x06MvpadRPGl7VxE82', '2018-03-07 07:25:36', '2018-03-07 07:25:36'),
	(2, 1, 'zNNSkEBDehi9HrenrS4nZRMdNhGVjGKj', '2018-03-07 08:13:04', '2018-03-07 08:13:04');
/*!40000 ALTER TABLE `persistences` ENABLE KEYS */;

-- Dumping structure for table test.prices
CREATE TABLE IF NOT EXISTS `prices` (
  `id` int(10) unsigned NOT NULL AUTO_INCREMENT,
  `priceable_id` int(10) unsigned NOT NULL,
  `priceable_type` varchar(30) COLLATE utf8mb4_unicode_ci NOT NULL,
  `price` double(10,2) NOT NULL,
  `created_at` timestamp NULL DEFAULT NULL,
  `updated_at` timestamp NULL DEFAULT NULL,
  PRIMARY KEY (`id`)
) ENGINE=InnoDB DEFAULT CHARSET=utf8mb4 COLLATE=utf8mb4_unicode_ci;

-- Dumping data for table test.prices: ~0 rows (approximately)
/*!40000 ALTER TABLE `prices` DISABLE KEYS */;
/*!40000 ALTER TABLE `prices` ENABLE KEYS */;

-- Dumping structure for table test.products
CREATE TABLE IF NOT EXISTS `products` (
  `id` int(10) unsigned NOT NULL AUTO_INCREMENT,
  `category_id` int(10) unsigned NOT NULL,
  `branch_id` int(10) unsigned DEFAULT NULL,
  `name` varchar(100) COLLATE utf8mb4_unicode_ci NOT NULL,
  `slug` varchar(100) COLLATE utf8mb4_unicode_ci NOT NULL,
  `unit` varchar(10) COLLATE utf8mb4_unicode_ci NOT NULL,
  `for_sale` tinyint(1) NOT NULL,
  `thumbnail` varchar(50) COLLATE utf8mb4_unicode_ci DEFAULT NULL,
  `created_at` timestamp NULL DEFAULT NULL,
  `updated_at` timestamp NULL DEFAULT NULL,
  PRIMARY KEY (`id`),
  UNIQUE KEY `products_name_unique` (`name`)
) ENGINE=InnoDB AUTO_INCREMENT=7 DEFAULT CHARSET=utf8mb4 COLLATE=utf8mb4_unicode_ci;

-- Dumping data for table test.products: ~6 rows (approximately)
/*!40000 ALTER TABLE `products` DISABLE KEYS */;
INSERT INTO `products` (`id`, `category_id`, `branch_id`, `name`, `slug`, `unit`, `for_sale`, `thumbnail`, `created_at`, `updated_at`) VALUES
	(1, 3, NULL, 'সরিষার তেল ', 'সরিষার-তেল ', 'KG', 1, 'images/products/1524758191.jpg', '2018-04-26 15:56:31', '2018-04-26 15:56:31'),
	(2, 3, NULL, 'সয়াবিন তেল', 'সয়াবিন-তেল', 'L', 1, 'images/products/1524758697.jpg', '2018-04-26 16:04:57', '2018-04-26 16:04:57'),
	(3, 4, NULL, 'মিষ্টি আলু (লাল)', 'মিষ্টি-আলু-(লাল)', 'KG', 1, 'images/products/1524758833.jpg', '2018-04-26 16:07:13', '2018-04-26 16:07:13'),
	(4, 4, NULL, 'মিষ্টি আলু (সাদা)', 'মিষ্টি-আলু-(সাদা)', 'KG', 1, 'images/products/1524758967.jpg', '2018-04-26 16:09:27', '2018-04-26 16:09:27'),
	(5, 2, NULL, 'হাঁসের ডিম', 'হাঁসের-ডিম', 'PCS', 1, 'images/products/1524804330.jpg', '2018-04-27 04:45:30', '2018-07-12 10:07:46'),
	(6, 2, NULL, 'লেয়ার ডিম', 'লেয়ার-ডিম', 'PCS', 1, 'images/products/1524804832.jpg', '2018-04-27 04:50:10', '2018-04-27 04:50:10');
/*!40000 ALTER TABLE `products` ENABLE KEYS */;

-- Dumping structure for table test.purchases
CREATE TABLE IF NOT EXISTS `purchases` (
  `id` int(10) unsigned NOT NULL AUTO_INCREMENT,
  `buyer_id` int(10) unsigned NOT NULL,
  `merchant_id` int(10) unsigned NOT NULL,
  `product_id` int(10) unsigned NOT NULL,
  `branch_id` int(10) unsigned NOT NULL,
  `quantity` decimal(8,0) NOT NULL,
  `deposit` decimal(8,0) DEFAULT 0,
  `tret` decimal(8,0) DEFAULT 0,
  `price` decimal(8,0) NOT NULL,
  `update_stock` tinyint(1) NOT NULL DEFAULT 0,
  `created_at` timestamp NULL DEFAULT NULL,
  `updated_at` timestamp NULL DEFAULT NULL,
  PRIMARY KEY (`id`)
) ENGINE=InnoDB AUTO_INCREMENT=5 DEFAULT CHARSET=utf8mb4 COLLATE=utf8mb4_unicode_ci;

-- Dumping data for table test.purchases: ~3 rows (approximately)
/*!40000 ALTER TABLE `purchases` DISABLE KEYS */;
INSERT INTO `purchases` (`id`, `buyer_id`, `merchant_id`, `product_id`, `branch_id`, `quantity`, `deposit`, `tret`, `price`, `update_stock`, `created_at`, `updated_at`) VALUES
	(1, 3, 4, 1, 1, 500, 0, 0, 2500, 0, '2018-03-08 06:33:10', '2018-03-08 06:33:10'),
	(2, 3, 4, 6, 1, 200, 0, 0, 1400, 0, '2018-03-08 06:33:31', '2018-03-08 06:33:31'),
	(4, 6, 7, 3, 1, 1000, 0, 0, 5000, 0, '2018-04-20 15:19:32', '2018-04-20 15:19:32');
/*!40000 ALTER TABLE `purchases` ENABLE KEYS */;

-- Dumping structure for table test.reminders
CREATE TABLE IF NOT EXISTS `reminders` (
  `id` int(10) unsigned NOT NULL AUTO_INCREMENT,
  `user_id` int(10) unsigned NOT NULL,
  `code` varchar(255) COLLATE utf8mb4_unicode_ci NOT NULL,
  `completed` tinyint(1) NOT NULL DEFAULT 0,
  `completed_at` timestamp NULL DEFAULT NULL,
  `created_at` timestamp NULL DEFAULT NULL,
  `updated_at` timestamp NULL DEFAULT NULL,
  PRIMARY KEY (`id`)
) ENGINE=InnoDB DEFAULT CHARSET=utf8mb4 COLLATE=utf8mb4_unicode_ci;

-- Dumping data for table test.reminders: ~0 rows (approximately)
/*!40000 ALTER TABLE `reminders` DISABLE KEYS */;
/*!40000 ALTER TABLE `reminders` ENABLE KEYS */;

-- Dumping structure for table test.roles
CREATE TABLE IF NOT EXISTS `roles` (
  `id` int(10) unsigned NOT NULL AUTO_INCREMENT,
  `slug` varchar(255) COLLATE utf8mb4_unicode_ci NOT NULL,
  `name` varchar(255) COLLATE utf8mb4_unicode_ci NOT NULL,
  `weight` double(3,0) DEFAULT NULL,
  `permissions` text COLLATE utf8mb4_unicode_ci DEFAULT NULL,
  `created_at` timestamp NULL DEFAULT NULL,
  `updated_at` timestamp NULL DEFAULT NULL,
  PRIMARY KEY (`id`),
  UNIQUE KEY `roles_slug_unique` (`slug`)
) ENGINE=InnoDB AUTO_INCREMENT=9 DEFAULT CHARSET=utf8mb4 COLLATE=utf8mb4_unicode_ci;

-- Dumping data for table test.roles: ~8 rows (approximately)
/*!40000 ALTER TABLE `roles` DISABLE KEYS */;
INSERT INTO `roles` (`id`, `slug`, `name`, `weight`, `permissions`, `created_at`, `updated_at`) VALUES
	(1, 'admin', 'Admin', 100, NULL, '2018-03-06 10:17:22', '2018-04-18 15:10:52'),
	(2, 'marchant', 'Marchant', 30, NULL, '2018-03-08 06:01:26', '2018-04-20 06:34:04'),
	(3, 'buyer', 'Buyer', 50, NULL, '2018-03-08 06:31:53', '2018-05-15 06:07:35'),
	(4, 'customer', 'Customer', 999, NULL, '2018-03-09 05:49:31', '2018-04-20 06:33:20'),
	(5, 'managing_director', 'Managing Director', 150, NULL, '2018-03-09 05:49:44', '2018-05-15 06:01:20'),
	(6, 'delevery_boy', 'Delevery boy', 55, NULL, '2018-03-09 05:49:59', '2018-05-15 06:09:44'),
	(7, 'director', 'Director', 110, NULL, '2018-04-18 15:19:19', '2018-05-15 06:01:53'),
	(8, 'manager', 'Manager', 80, NULL, '2018-05-15 06:02:37', '2018-05-15 06:02:37');
/*!40000 ALTER TABLE `roles` ENABLE KEYS */;

-- Dumping structure for table test.role_users
CREATE TABLE IF NOT EXISTS `role_users` (
  `user_id` int(10) unsigned NOT NULL,
  `role_id` int(10) unsigned NOT NULL,
  `created_at` timestamp NULL DEFAULT NULL,
  `updated_at` timestamp NULL DEFAULT NULL,
  PRIMARY KEY (`user_id`,`role_id`)
) ENGINE=InnoDB DEFAULT CHARSET=utf8mb4 COLLATE=utf8mb4_unicode_ci;

-- Dumping data for table test.role_users: ~6 rows (approximately)
/*!40000 ALTER TABLE `role_users` DISABLE KEYS */;
INSERT INTO `role_users` (`user_id`, `role_id`, `created_at`, `updated_at`) VALUES
	(3, 1, '2018-03-08 05:56:22', '2018-03-08 05:56:22'),
	(4, 2, '2018-03-08 06:32:39', '2018-03-08 06:32:39'),
	(5, 1, '2018-03-09 07:13:22', '2018-03-09 07:13:22'),
	(6, 3, '2018-03-10 11:36:28', '2018-03-10 11:36:28'),
	(7, 2, '2018-04-20 15:18:35', '2018-04-20 15:18:35'),
	(8, 8, '2018-05-15 06:11:29', '2018-05-15 06:11:29');
/*!40000 ALTER TABLE `role_users` ENABLE KEYS */;

-- Dumping structure for table test.stocks
CREATE TABLE IF NOT EXISTS `stocks` (
  `id` int(10) unsigned NOT NULL AUTO_INCREMENT,
  `branch_id` int(10) unsigned NOT NULL,
  `product_id` int(10) unsigned NOT NULL,
  `deposit` decimal(8,0) NOT NULL,
  `withdraw` decimal(8,0) NOT NULL DEFAULT 0,
  `balance` decimal(8,0) NOT NULL,
  `created_at` timestamp NULL DEFAULT NULL,
  `updated_at` timestamp NULL DEFAULT NULL,
  PRIMARY KEY (`id`)
) ENGINE=InnoDB AUTO_INCREMENT=4 DEFAULT CHARSET=utf8mb4 COLLATE=utf8mb4_unicode_ci;

-- Dumping data for table test.stocks: ~2 rows (approximately)
/*!40000 ALTER TABLE `stocks` DISABLE KEYS */;
INSERT INTO `stocks` (`id`, `branch_id`, `product_id`, `deposit`, `withdraw`, `balance`, `created_at`, `updated_at`) VALUES
	(1, 1, 1, 500, 0, 450, '2018-03-09 06:28:44', '2018-03-10 05:59:27'),
	(3, 1, 6, 200, 0, 200, '2018-03-09 14:50:47', '2018-03-09 14:50:47');
/*!40000 ALTER TABLE `stocks` ENABLE KEYS */;

-- Dumping structure for table test.throttle
CREATE TABLE IF NOT EXISTS `throttle` (
  `id` int(10) unsigned NOT NULL AUTO_INCREMENT,
  `user_id` int(10) unsigned DEFAULT NULL,
  `type` varchar(255) COLLATE utf8mb4_unicode_ci NOT NULL,
  `ip` varchar(255) COLLATE utf8mb4_unicode_ci DEFAULT NULL,
  `created_at` timestamp NULL DEFAULT NULL,
  `updated_at` timestamp NULL DEFAULT NULL,
  PRIMARY KEY (`id`),
  KEY `throttle_user_id_index` (`user_id`)
) ENGINE=InnoDB AUTO_INCREMENT=18 DEFAULT CHARSET=utf8mb4 COLLATE=utf8mb4_unicode_ci;

-- Dumping data for table test.throttle: ~17 rows (approximately)
/*!40000 ALTER TABLE `throttle` DISABLE KEYS */;
INSERT INTO `throttle` (`id`, `user_id`, `type`, `ip`, `created_at`, `updated_at`) VALUES
	(1, NULL, 'global', NULL, '2018-03-08 05:51:41', '2018-03-08 05:51:41'),
	(2, NULL, 'ip', '::1', '2018-03-08 05:51:41', '2018-03-08 05:51:41'),
	(3, NULL, 'global', NULL, '2018-03-08 05:52:04', '2018-03-08 05:52:04'),
	(4, NULL, 'ip', '::1', '2018-03-08 05:52:04', '2018-03-08 05:52:04'),
	(5, NULL, 'global', NULL, '2018-03-09 06:30:48', '2018-03-09 06:30:48'),
	(6, NULL, 'ip', '127.0.0.1', '2018-03-09 06:30:48', '2018-03-09 06:30:48'),
	(7, NULL, 'global', NULL, '2018-03-09 07:15:44', '2018-03-09 07:15:44'),
	(8, NULL, 'ip', '127.0.0.1', '2018-03-09 07:15:44', '2018-03-09 07:15:44'),
	(9, NULL, 'global', NULL, '2018-03-09 07:15:55', '2018-03-09 07:15:55'),
	(10, NULL, 'ip', '127.0.0.1', '2018-03-09 07:15:55', '2018-03-09 07:15:55'),
	(11, NULL, 'global', NULL, '2018-03-09 07:25:05', '2018-03-09 07:25:05'),
	(12, NULL, 'ip', '127.0.0.1', '2018-03-09 07:25:05', '2018-03-09 07:25:05'),
	(13, NULL, 'global', NULL, '2018-04-19 14:27:32', '2018-04-19 14:27:32'),
	(14, NULL, 'ip', '127.0.0.1', '2018-04-19 14:27:32', '2018-04-19 14:27:32'),
	(15, 6, 'user', NULL, '2018-04-19 14:27:32', '2018-04-19 14:27:32'),
	(16, NULL, 'global', NULL, '2018-07-12 08:49:24', '2018-07-12 08:49:24'),
	(17, NULL, 'ip', '127.0.0.1', '2018-07-12 08:49:24', '2018-07-12 08:49:24');
/*!40000 ALTER TABLE `throttle` ENABLE KEYS */;

-- Dumping structure for table test.trets
CREATE TABLE IF NOT EXISTS `trets` (
  `id` int(10) unsigned NOT NULL AUTO_INCREMENT,
  `stock_id` int(10) unsigned NOT NULL,
  `reason` varchar(255) COLLATE utf8mb4_unicode_ci NOT NULL,
  `quantity` decimal(8,0) NOT NULL,
  `created_at` timestamp NULL DEFAULT NULL,
  `updated_at` timestamp NULL DEFAULT NULL,
  PRIMARY KEY (`id`)
) ENGINE=InnoDB AUTO_INCREMENT=5 DEFAULT CHARSET=utf8mb4 COLLATE=utf8mb4_unicode_ci;

-- Dumping data for table test.trets: ~4 rows (approximately)
/*!40000 ALTER TABLE `trets` DISABLE KEYS */;
INSERT INTO `trets` (`id`, `stock_id`, `reason`, `quantity`, `created_at`, `updated_at`) VALUES
	(1, 1, 'Broken', 10, '2018-03-08 09:38:14', '2018-03-08 09:38:14'),
	(2, 1, 'Broken', 20, '2018-03-10 05:55:38', '2018-03-10 05:55:38'),
	(3, 1, 'Broken', 50, '2018-03-10 05:56:13', '2018-03-10 05:56:13'),
	(4, 1, 'Broken', 50, '2018-03-10 05:59:27', '2018-03-10 05:59:27');
/*!40000 ALTER TABLE `trets` ENABLE KEYS */;

-- Dumping structure for table test.users
CREATE TABLE IF NOT EXISTS `users` (
  `id` int(10) unsigned NOT NULL AUTO_INCREMENT,
  `branch_id` int(10) unsigned DEFAULT NULL,
  `mobile` varchar(255) COLLATE utf8mb4_unicode_ci NOT NULL,
  `name` varchar(255) COLLATE utf8mb4_unicode_ci NOT NULL,
  `points` decimal(6,0) NOT NULL DEFAULT 0,
  `password` varchar(255) COLLATE utf8mb4_unicode_ci NOT NULL,
  `permissions` text COLLATE utf8mb4_unicode_ci DEFAULT NULL,
  `last_login` timestamp NULL DEFAULT NULL,
  `created_at` timestamp NULL DEFAULT NULL,
  `updated_at` timestamp NULL DEFAULT NULL,
  PRIMARY KEY (`id`),
  UNIQUE KEY `users_mobile_unique` (`mobile`)
) ENGINE=InnoDB AUTO_INCREMENT=9 DEFAULT CHARSET=utf8mb4 COLLATE=utf8mb4_unicode_ci;

-- Dumping data for table test.users: ~6 rows (approximately)
/*!40000 ALTER TABLE `users` DISABLE KEYS */;
INSERT INTO `users` (`id`, `branch_id`, `mobile`, `name`, `points`, `password`, `permissions`, `last_login`, `created_at`, `updated_at`) VALUES
	(3, 1, '01784255196', 'Admin', 0, '$2y$10$ooXlQwxjbZVVqoO5ncmTU.Q0TTpl8Kt69U4qSZLWArLyEsPldk.y6', NULL, '2018-07-12 10:36:35', '2018-03-08 05:56:21', '2018-07-12 10:36:35'),
	(4, 1, '01784255111', 'Marchant', 0, '$2y$10$M2nCkps8ougSXwubhZYMIuPZ8Y13JztyaBfIwD80/0SLLtb7Qu10e', NULL, NULL, '2018-03-08 06:32:39', '2018-03-08 06:32:39'),
	(5, 1, '01765768609', 'Admin', 0, '$2y$10$krIXbjHasYkPtwVINVhMAOmFRDv3F4t9wy2qy4pXAUuZOZssNH1fG', NULL, '2018-05-15 05:50:17', '2018-03-09 07:13:22', '2018-05-15 05:50:17'),
	(6, 1, '01784255199', 'Buyer', 0, '$2y$10$Md4XMRqfJ3DfbPOBi3hSf.P8t0MHbVLjEIg7CGFAwb5v48b2ci0u6', NULL, '2018-05-15 05:50:32', '2018-03-10 11:36:28', '2018-05-15 05:50:32'),
	(7, 1, '0178425166', 'Marchant', 0, '$2y$10$HczcMjTPi2KiicCxIeRFyu1TiVsxerpFAlS3s5CKYeh/UNJH5g0RC', NULL, NULL, '2018-04-20 15:18:35', '2018-04-20 15:18:35'),
	(8, 1, '01784255188', 'Manager', 0, '$2y$10$WN15GCnF6IsJo/C6KYHsc.pV2nTSskGKYIhHISskHvZdkluGsPhWK', NULL, '2018-07-12 08:55:02', '2018-05-15 06:11:28', '2018-07-12 08:55:02');
/*!40000 ALTER TABLE `users` ENABLE KEYS */;

/*!40101 SET SQL_MODE=IFNULL(@OLD_SQL_MODE, '') */;
/*!40014 SET FOREIGN_KEY_CHECKS=IF(@OLD_FOREIGN_KEY_CHECKS IS NULL, 1, @OLD_FOREIGN_KEY_CHECKS) */;
/*!40101 SET CHARACTER_SET_CLIENT=@OLD_CHARACTER_SET_CLIENT */;
